feature,description,domain,primary region,regulation hits,clear reasoning,confidence,Final Classification
Curfew login blocker with Age-sensitive logic and Geo-handler; a module responsible for routing features based on user region for Utah minors,"To comply with the Utah Social Media Regulation Act, we are implementing a curfew-based login restriction for users under 18. The system uses Age-sensitive logic to detect minor accounts and routes enforcement through Geo-handler; a module responsible for routing features based on user region to apply only within Utah boundaries. The feature activates during restricted night hours and logs activity using Log tracing mode to verify compliance routing for auditability. This allows parental control to be enacted without user-facing alerts, operating in Deploy feature in non-user-impact way to collect analytics only during initial rollout.",Child Safety,US-UT,Utah SMRA,Prescan hard hits. laws: Utah SMRA×1; explicit compliance phrasing; domain hints: Child Safety×9; regions: US-UT,0.95,REQUIRED
Personalized feed default toggle with Not recommended enforcement for California teens,"As part of compliance with California's SB976, the app will disable Personalized feed by default for users under 18 located in California. This default setting is considered Not recommended to override, unless explicit parental opt-in is provided. Geo-detection is handled via Geo-handler; a module responsible for routing features based on user region, and rollout is monitored with Feature rollout status logs. The design ensures minimal disruption while meeting the strict personalization requirements imposed by the law.","Child Safety, Privacy & Data Protection",US-CA,SB976,"Prescan hard hits. laws: SB976×1; explicit compliance phrasing; domain hints: Child Safety×2, Privacy & Data Protection×1; regions: US-CA",0.95,REQUIRED
Child abuse content scanner using Tier 5 sensitivity data; more critical than T1-T4 in this internal taxonomy and Compliance Detection System triggers,"In line with the US federal law requiring providers to report child sexual abuse content to NCMEC, this feature scans uploads and flags suspected materials tagged as Tier 5 sensitivity data; more critical than T1-T4 in this internal taxonomy. Once flagged, the Compliance Detection System auto-generates reports and routes them via secure channel APIs. The logic runs in real-time, supports human validation, and logs detection metadata for internal audits. Regional thresholds are governed by Local compliance policy parameters in the backend.","Child Safety, Content Moderation / Illegal Content",US-Federal,NCMEC,"Prescan hard hits. laws: NCMEC×1; domain hints: Child Safety×2, Content Moderation / Illegal Content×1; regions: US-Federal",0.9,REQUIRED
Content visibility lock with Non-shareable policy (content should not be shared externally) for EU DSA,"To meet the transparency expectations of the EU Digital Services Act, we are introducing a visibility lock for flagged user-generated content labeled under Non-shareable policy (content should not be shared externally). When such content is detected, a soft A user-level limitation applied silently without notifications is applied and Geo-handler; a module responsible for routing features based on user region ensures enforcement is restricted to the EU region only. Log tracing mode to verify compliance routing supports traceability, and Flag for legal review (different from its traditional business use for 'financial loss') status can be triggered for legal review. This feature enhances accountability and complies with Article 16's removal mechanisms.","Content Moderation / Illegal Content, Child Safety, Privacy & Data Protection",EU,DSA,"Prescan hard hits. laws: DSA×3; explicit compliance phrasing; domain hints: Content Moderation / Illegal Content×3, Child Safety×2, Privacy & Data Protection×1; regions: EU",0.95,REQUIRED
Feature name for internal parental control system-based parental notifications for Florida regulation,"To support Florida's Online Protections for Minors law, this feature extends the Feature name for internal parental control system parental control framework. Notifications are dispatched to verified parent accounts when a minor attempts to access restricted features. Using Internal monitoring trigger, the system checks behavioral anomalies against Baseline Behavior; standard user behavior used for anomaly detection models. If violations are detected, restrictions are applied in Deploy feature in non-user-impact way to collect analytics only with full audit logging through Compliance Detection System. A compliance-flagging status, internally used to indicate geo-based alerts flags ensure compliance visibility during rollout phases.","Child Safety, Content Moderation / Illegal Content",US-FL,HB 3,"Prescan hard hits. laws: HB 3×2; explicit compliance phrasing; domain hints: Child Safety×4, Content Moderation / Illegal Content×1; regions: US-FL",0.95,REQUIRED
Unified retention control via Data retention threshold; duration for which logs can be stored & Compliance Detection System,"Introduce a data retention feature using Data retention threshold; duration for which logs can be stored thresholds, ensuring automatic log deletion across all regions. Compliance Detection System will continuously audit retention violations, triggering Log tracing mode to verify compliance routing as necessary. A synthetic name for a rule engine (not to be confused with Google Spanner) logic ensures all platform modules comply uniformly.","Privacy & Data Protection, Content Moderation / Illegal Content",,,"Prescan hard hits. explicit compliance phrasing; domain hints: Privacy & Data Protection×3, Content Moderation / Illegal Content×1",0.75,REQUIRED
Non-shareable policy (content should not be shared externally) auto-flagging,"This feature will automatically detect and tag content that violates Non-shareable policy (content should not be shared externally) policy. Once flagged, A user-level limitation applied silently without notifications is applied and a Flag for legal review (different from its traditional business use for 'financial loss') alert is generated if downstream sharing is attempted.",Content Moderation / Illegal Content,,,"ISSUE: ModerationAgent(0.90) | No explicit moderation/transparency triggers. | LLM: The feature applies a user-level limitation silently without notifications when a user attempts to share content violating a 'Non-shareable policy.' This lack of transparency and notification for content moderation actions, even for internal policy violations, directly conflicts with transparency and due process requirements in regulations like the EU DSA. Users must be informed of restrictions, the reasons for them, and available redress options. | risk=Lack of transparency for users, Lack of appeal mechanisms…",0.9,REQUIRED
Tier 5 sensitivity data; more critical than T1-T4 in this internal taxonomy tagging for sensitive reports,"When users report content containing high-risk information, it is tagged as Tier 5 sensitivity data; more critical than T1-T4 in this internal taxonomy for internal routing. Compliance Detection System then enforces escalation. The system is universal and does not rely on regional toggles or Geo-handler; a module responsible for routing features based on user region routes.",Content Moderation / Illegal Content,,,Prescan hard hits. explicit compliance phrasing; domain hints: Content Moderation / Illegal Content×1,0.75,REQUIRED
Underage protection via A synthetic codename for the child safety policy framework trigger,"A synthetic codename for the child safety policy framework is activated for all underage users platform-wide, applying Age-sensitive logic to segment accounts. Actions taken under this logic are routed to Compliance Detection System and monitored using Baseline Behavior; standard user behavior used for anomaly detection to identify deviations in usage.",Child Safety,,,Prescan hard hits. explicit compliance phrasing; domain hints: Child Safety×4,0.85,REQUIRED
Universal Personalized feed deactivation on guest mode,"By default, Personalized feed will be turned off for all uses browsing in guest mode.",Privacy & Data Protection,,,All assigned agents returned OK. | No explicit privacy triggers.,0.9,NOT REQUIRED
Story resharing with content expiry,"Enable users to reshare stories from others, with auto-expiry after 48 hours. This feature logs resharing attempts with Log tracing mode to verify compliance routing and stores activity under Baseline Behavior; standard user behavior used for anomaly detection.","General Compliance, Privacy & Data Protection",,,"ISSUE: GeneralComplianceAgent(0.90), PrivacyAgent(0.90) | Some compliance or region cues present. | LLM: The feature explicitly mentions 'verify compliance routing' and 'stores activity under Baseline Behavior,' which directly signals the need for geo-specific handling related to data privacy, logging, and retention. The 'auto-expiry after 48 hours' is a data retention policy, a key area of geo-specific regulation. Content resharing also introduces risks related to content moderation, platform liability for user-generated content, and potential age-appropriateness concerns depending on the use…",0.9,REQUIRED
Leaderboard system for weekly creators,Introduce a creator leaderboard updated weekly using internal analytics. Points and rankings are stored in Feature rollout status metadata and tracked using Internal monitoring trigger.,General Compliance,,,"REVIEW: GeneralComplianceAgent(0.60) | No explicit compliance/region triggers. | LLM: The leaderboard system involves processing and potentially displaying creator performance data (points, rankings). If creators are identifiable individuals, this triggers data privacy considerations. The system's impact on creator visibility or monetization could also bring it under platform transparency regulations. | risk=Data Privacy, Transparency, Children's Data (if applicable) | regions=EU, US-CA, US-UT, US-Federal | regs=DSA, Utah SMRA | mitigations=Obtain explicit consent for data collection and displ…",0.6,NEEDS HUMAN REVIEW
Mood-based Personalized feed enhancements,Adjust Personalized feed recommendations based on inferred mood signals from emoji usage. This logic is soft-tuned using Baseline Behavior; standard user behavior used for anomaly detection and undergoes quiet testing in Deploy feature in non-user-impact way to collect analytics only.,Privacy & Data Protection,,,"ISSUE: PrivacyAgent(0.90) | No explicit privacy triggers. | LLM: The feature involves profiling users by inferring mood from emoji usage to personalize feed recommendations. This constitutes processing of personal data, potentially sensitive, and requires explicit consent, robust transparency, and specific protections for minors across various jurisdictions. The 'quiet testing' phase still involves the processing of personal data for mood inference, triggering privacy considerations. | risk=Profiling/Behavioral Analysis, Sensitive Data Processing (inferred mood), Lack of User Control/Transpare…",0.9,REQUIRED
New user rewards via Not recommended profile suggestions,"At onboarding, users will receive Not recommended-curated profiles to follow for faster network building. A/B testing will use A synthetic name for a rule engine (not to be confused with Google Spanner).",General Compliance,,,"ISSUE: GeneralComplianceAgent(0.90) | No explicit compliance/region triggers. | LLM: The feature involves algorithmic profile suggestions at onboarding for network building, which triggers significant geo-compliance concerns related to algorithmic transparency, data privacy, consumer protection, and protection of minors. Regulations like the DSA, Utah SMRA, HB 3, and SB976 specifically address recommender systems and social networking features, especially concerning user experience and potential harm to vulnerable populations. | risk=Algorithmic transparency and fairness, Data privacy and use …",0.9,REQUIRED
Creator fund payout tracking in Compliance Detection System,Monetization events will be tracked through Compliance Detection System to detect anomalies in creator payouts. Data retention threshold; duration for which logs can be stored rules apply for log trimming.,Privacy & Data Protection,,,All assigned agents returned OK. | No explicit privacy triggers.,0.9,NOT REQUIRED
Trial run of video replies in EU,"Roll out video reply functionality to users in EEA only. Geo-handler; a module responsible for routing features based on user region will manage exposure control, and Baseline Behavior; standard user behavior used for anomaly detection is used to baseline feedback.","Content Moderation / Illegal Content, Privacy & Data Protection",EU,DSA,"ISSUE: ModerationAgent(0.90), PrivacyAgent(0.90) | No explicit moderation/transparency triggers. | LLM: The introduction of user-generated content (video replies) specifically within the EU/EEA directly triggers duties under the Digital Services Act (DSA). This includes obligations related to transparency of content moderation policies, notice-and-action mechanisms for illegal content, internal complaint-handling systems, and the right to appeal moderation decisions. The feature's geo-restriction to the EEA makes DSA compliance a primary concern. | risk=Non-compliance with DSA obligations for …",0.9,REQUIRED
Canada-first Personalized feed variant test,"Launch a Personalized feed variant in CA as part of early experimentation. A synthetic name for a rule engine (not to be confused with Google Spanner) will isolate affected cohorts and A compliance-flagging status, internally used to indicate geo-based alerts flags will monitor feature health.","General Compliance, Privacy & Data Protection",CA,,"ISSUE: PrivacyAgent(0.90) | REVIEW: GeneralComplianceAgent(0.60) | No explicit compliance/region triggers. | LLM: The feature is explicitly a 'Canada-first Personalized feed variant test' and targets 'CA'. The text also states that 'geo-based alerts flags will monitor feature health', indicating an internal recognition and mechanism for geo-specific compliance. Personalization features often involve data processing and user profiling, which are subject to regional data protection and consumer protection laws. | risk=Data Privacy/Protection, Consumer Protection, Content Regulation | regions=CA …",0.9,REQUIRED
Chat UI overhaul,"A new chat layout will be tested in the following regions: CA, US, BR, ID. Geo-handler; a module responsible for routing features based on user region will ensure location targeting and Deploy feature in non-user-impact way to collect analytics only will collect usage metrics without user impact.",General Compliance,"BR, CA, ID, US-Federal",,"REVIEW: GeneralComplianceAgent(0.60) | Compliance phrasing and/or region signals present. | LLM: The feature is explicitly being tested in specific regions (CA, US, BR) and utilizes a 'Geo-handler' for location targeting. This indicates a geo-specific rollout strategy that requires review for potential compliance implications, even if currently for analytics and non-user-impacting. | regions=CA, US-Federal, BR | mitigations=Deploy feature in non-user-impact way to collect analytics only will collect usage metrics without user impact.",0.6,NEEDS HUMAN REVIEW
Regional trial of autoplay behavior,"Enable video autoplay only for users in US. Geo-handler; a module responsible for routing features based on user region filters users, while A synthetic name for a rule engine (not to be confused with Google Spanner) logs click-through deltas.",General Compliance,US-Federal,,"REVIEW: GeneralComplianceAgent(0.60) | Compliance phrasing and/or region signals present. | LLM: The feature explicitly implements geo-specific handling by enabling video autoplay 'only for users in US' and utilizes a 'Geo-handler' for regional routing. This indicates a recognition of regional differences, likely driven by varying user preferences, data consumption concerns, or potential regulatory requirements regarding user experience or content delivery. Further review is needed to understand the specific compliance drivers for this regional limitation. | risk=Regional Compliance Variation:…",0.6,NEEDS HUMAN REVIEW
South Korea dark theme A/B experiment,A/B test dark theme accessibility for users in South Korea. Rollout is limited via Geo-handler; a module responsible for routing features based on user region and monitored with Feature rollout status flags.,General Compliance,KR,,"REVIEW: GeneralComplianceAgent(0.60) | Compliance phrasing and/or region signals present. | LLM: The feature is explicitly geo-limited to South Korea for an A/B test on 'dark theme accessibility.' While the specific regulations are not immediately apparent from the allowed list, the nature of 'accessibility' often involves regional standards and legal requirements, warranting a compliance review for the specific region. | risk=Potential non-compliance with South Korean accessibility standards., Inconsistent user experience if accessibility features vary significantly without clear justificatio…",0.6,NEEDS HUMAN REVIEW
Age-specific notification controls with Age-sensitive logic,"Notifications will be tailored by age using Age-sensitive logic, allowing us to throttle or suppress push alerts for minors. Log tracing mode to verify compliance routing will log adjustments, and Compliance Detection System will verify enforcement across rollout waves.",Child Safety,,,Prescan hard hits. explicit compliance phrasing; domain hints: Child Safety×4,0.75,REQUIRED
Chat content restrictions via Local compliance policy,"Enforce message content constraints by injecting Local compliance policy rules on delivery. Deploy feature in non-user-impact way to collect analytics only will initially deploy the logic for safe validation. No explicit mention of legal requirements, but privacy context is implied.","Content Moderation / Illegal Content, Privacy & Data Protection",,,"ISSUE: ModerationAgent(0.90), PrivacyAgent(0.90) | No explicit moderation/transparency triggers. | LLM: The feature's core purpose is 'Chat content restrictions' and 'enforcing message content constraints,' which are fundamental aspects of content moderation. While the initial deployment is limited to analytics and validation without direct user impact, the underlying capability and future intent will trigger geo-specific duties. These duties include transparency requirements, notice and appeal mechanisms for content moderation decisions, and specific handling/routing of illegal content, parti…",0.9,REQUIRED
Video upload limits for new users,Introduce limits on video uploads from new accounts. Internal monitoring trigger will trigger thresholds based on Baseline Behavior; standard user behavior used for anomaly detection patterns. These limitations are partly for platform safety but without direct legal mapping.,Content Moderation / Illegal Content,,,"ISSUE: ModerationAgent(0.90) | No explicit moderation/transparency triggers. | LLM: The introduction of video upload limits for new users, even if for platform safety and without direct legal mapping, constitutes a restriction on user behavior and a form of content policy enforcement. Under the EU Digital Services Act (DSA), such restrictions, particularly if they impact a user's ability to use the service, can trigger transparency, notice, and appeal duties. The DSA broadly defines content moderation to include enforcement of content policies. Users affected by these limits may require clear …",0.9,REQUIRED
Flag escalation flow for sensitive comments,"A flow that detects high-risk comment content and routes it via Compliance Detection System with Flag for legal review (different from its traditional business use for 'financial loss') markers. The logic applies generally and is monitored through Log tracing mode to verify compliance routing, with no mention of regional policies.",Content Moderation / Illegal Content,,,"REVIEW: ModerationAgent(0.60) | No explicit moderation/transparency triggers. | LLM: The feature describes a content moderation flow for 'high-risk comment content' flagged for 'legal review.' This inherently triggers geo-specific duties related to illegal content, harmful content, and platform transparency, notice, and appeal obligations. While the logic is described as general, the nature of the content being moderated and the platform's operation in various regions will necessitate compliance with regional regulations. The description does not detail how these geo-specific duties are met, w…",0.6,NEEDS HUMAN REVIEW
User behavior scoring for policy gating,Behavioral scoring via A synthetic name for a rule engine (not to be confused with Google Spanner) will be used to gate access to certain tools. The feature tracks usage and adjusts gating based on Baseline Behavior; standard user behavior used for anomaly detection divergence.,Privacy & Data Protection,,,"ISSUE: PrivacyAgent(0.90) | No explicit privacy triggers. | LLM: This feature involves user profiling and automated decision-making (gating access based on behavioral scores). Such activities are high-risk under most privacy regulations and typically require explicit consent, robust transparency, and mechanisms for data subject rights (e.g., access, correction, objection to automated processing). The potential for this system to apply to minors introduces additional, stricter requirements for parental consent, age verification, and specific protections. | risk=Profiling, Automated Decision-Mak…",0.9,REQUIRED
Minor-safe chat expansion via Feature name for internal parental control system,"We're expanding chat features, but for users flagged by Feature name for internal parental control system, certain functions (e.g., media sharing) will be limited. Baseline Behavior; standard user behavior used for anomaly detection and Age-sensitive logic will monitor compliance posture.",Child Safety,,,Prescan hard hits. explicit compliance phrasing; domain hints: Child Safety×5,0.85,REQUIRED
Friend suggestions with underage safeguards,"New suggestion logic uses Personalized feed to recommend friends, but minors are excluded from adult pools using Age-sensitive logic and Compliance Detection System logic. Log tracing mode to verify compliance routing logs interactions in case future policy gates are needed.",Child Safety,,,Prescan hard hits. explicit compliance phrasing; domain hints: Child Safety×2,0.75,REQUIRED
Reaction GIFs with embedded filtering,"Enable GIFs in comments, while filtering content deemed inappropriate for minor accounts. A user-level limitation applied silently without notifications will apply if a flagged GIF is used by Age-sensitive logic-flagged profiles.",Child Safety,,,Prescan hard hits. domain hints: Child Safety×3,0.8,REQUIRED
Longform posts with age-based moderation,"Longform post creation is now open to all. However, moderation for underage authors is stricter via A synthetic codename for the child safety policy framework.","Content Moderation / Illegal Content, Child Safety",,,ISSUE: ChildSafetyAgent(0.65) | REVIEW: ModerationAgent(0.45) | Strong minors + age-control indicators.,0.65,REQUIRED
Custom avatar system with identity checks,"Users can now design custom avatars. For safety, Tier 5 sensitivity data; more critical than T1-T4 in this internal taxonomy triggers block adult-themed assets from use by underage profiles. Age detection uses Age-sensitive logic and logs flow through Geo-handler; a module responsible for routing features based on user region.",Child Safety,,,Prescan hard hits. explicit compliance phrasing; domain hints: Child Safety×2,0.75,REQUIRED
